{
    "$schema": "https://schema.management.azure.com/schemas/2015-01-01/deploymentParameters.json#",
    "contentVersion": "1.0.0.0",
    "parameters": {
        "restorePointCollections_AzureBackup_Debian11_105553772936406_name": {
            "value": null
        },
        "restorePointCollections_AzureBackup_Windows10_105554620355061_name": {
            "value": null
        },
        "restorePointCollections_AzureBackup_Windows102_105555235272733_name": {
            "value": null
        },
        "restorePointCollections_AzureBackup_Windowserver_105554575220513_name": {
            "value": null
        },
        "virtualMachines_Debian11_externalid": {
            "value": null
        },
        "virtualMachines_Windows10_externalid": {
            "value": null
        },
        "virtualMachines_Windows102_externalid": {
            "value": null
        },
        "virtualMachines_Windowserver_externalid": {
            "value": null
        }
    }
}