{
    "$schema": "https://schema.management.azure.com/schemas/2019-04-01/deploymentTemplate.json#",
    "contentVersion": "1.0.0.0",
    "parameters": {
        "restorePointCollections_AzureBackup_Debian11_105553772936406_name": {
            "defaultValue": "AzureBackup_Debian11_105553772936406",
            "type": "String"
        },
        "restorePointCollections_AzureBackup_Windows10_105554620355061_name": {
            "defaultValue": "AzureBackup_Windows10_105554620355061",
            "type": "String"
        },
        "restorePointCollections_AzureBackup_Windows102_105555235272733_name": {
            "defaultValue": "AzureBackup_Windows102_105555235272733",
            "type": "String"
        },
        "restorePointCollections_AzureBackup_Windowserver_105554575220513_name": {
            "defaultValue": "AzureBackup_Windowserver_105554575220513",
            "type": "String"
        },
        "virtualMachines_Debian11_externalid": {
            "defaultValue": "/subscriptions/4859d41e-e030-4342-af6b-f795b3c40b36/resourceGroups/test/providers/Microsoft.Compute/virtualMachines/Debian11",
            "type": "String"
        },
        "virtualMachines_Windows10_externalid": {
            "defaultValue": "/subscriptions/4859d41e-e030-4342-af6b-f795b3c40b36/resourceGroups/test/providers/Microsoft.Compute/virtualMachines/Windows10",
            "type": "String"
        },
        "virtualMachines_Windows102_externalid": {
            "defaultValue": "/subscriptions/4859d41e-e030-4342-af6b-f795b3c40b36/resourceGroups/test/providers/Microsoft.Compute/virtualMachines/Windows102",
            "type": "String"
        },
        "virtualMachines_Windowserver_externalid": {
            "defaultValue": "/subscriptions/4859d41e-e030-4342-af6b-f795b3c40b36/resourceGroups/test/providers/Microsoft.Compute/virtualMachines/Windowserver",
            "type": "String"
        }
    },
    "variables": {},
    "resources": [
        {
            "type": "Microsoft.Compute/restorePointCollections",
            "apiVersion": "2024-07-01",
            "name": "[parameters('restorePointCollections_AzureBackup_Debian11_105553772936406_name')]",
            "location": "westeurope",
            "properties": {
                "source": {
                    "id": "[parameters('virtualMachines_Debian11_externalid')]"
                }
            }
        },
        {
            "type": "Microsoft.Compute/restorePointCollections",
            "apiVersion": "2024-07-01",
            "name": "[parameters('restorePointCollections_AzureBackup_Windows10_105554620355061_name')]",
            "location": "westeurope",
            "properties": {
                "source": {
                    "id": "[parameters('virtualMachines_Windows10_externalid')]"
                }
            }
        },
        {
            "type": "Microsoft.Compute/restorePointCollections",
            "apiVersion": "2024-07-01",
            "name": "[parameters('restorePointCollections_AzureBackup_Windows102_105555235272733_name')]",
            "location": "westeurope",
            "properties": {
                "source": {
                    "id": "[parameters('virtualMachines_Windows102_externalid')]"
                }
            }
        },
        {
            "type": "Microsoft.Compute/restorePointCollections",
            "apiVersion": "2024-07-01",
            "name": "[parameters('restorePointCollections_AzureBackup_Windowserver_105554575220513_name')]",
            "location": "westeurope",
            "properties": {
                "source": {
                    "id": "[parameters('virtualMachines_Windowserver_externalid')]"
                }
            }
        }
    ]
}